label,value
Accounting 1,Accounting 1
Acctg 1,Acctg 1
Anthro 10,Anthro 10
Anthro 100,Anthro 100
Anthro 101,Anthro 101
Anthro 101.1,Anthro 101.1
Anthro 111.1,Anthro 111.1
Anthro 112,Anthro 112
Anthro 118,Anthro 118
Anthro 123,Anthro 123
Anthro 133,Anthro 133
Anthro 151,Anthro 151
Anthro 161,Anthro 161
Anthro 167,Anthro 167
Anthro 172,Anthro 172
Anthro 173,Anthro 173
Anthro 179,Anthro 179
Anthro 181,Anthro 181
Anthro 190,Anthro 190
Anthro 194,Anthro 194
Anthro 202,Anthro 202
Anthro 205,Anthro 205
Anthro 212,Anthro 212
Anthro 223,Anthro 223
Anthro 224,Anthro 224
Anthro 225,Anthro 225
Anthro 261,Anthro 261
Anthro 275,Anthro 275
Anthro 277,Anthro 277
Anthro 278,Anthro 278
Anthro 282,Anthro 282
Anthro 297,Anthro 297
Anthro 300,Anthro 300
Anthro 400,Anthro 400
Anthropology 114,Anthropology 114
App Physics,App Physics
Aral Pil,Aral Pil
Arch 3,Arch 3
Arch 4,Arch 4
Arch 5,Arch 5
Arch 16,Arch 16
Arch 18,Arch 18
Arch 20,Arch 20
Arch 22,Arch 22
Arch 23,Arch 23
Arch 32,Arch 32
Arch 33,Arch 33
Arch 35,Arch 35
Arch 55,Arch 55
Arch 75,Arch 75
Arch 134,Arch 134
Arch 142,Arch 142
Arch 147,Arch 147
Arch 149,Arch 149
Arch 162,Arch 162
Arch 171,Arch 171
Arch 199.2,Arch 199.2
Arch 202,Arch 202
Arch 205,Arch 205
Arch 206,Arch 206
Arch 211,Arch 211
Arch 221,Arch 221
Arch 233,Arch 233
Arch 234,Arch 234
Arch 236,Arch 236
Arch 251,Arch 251
Arch 300,Arch 300
Archaeo 2,Archaeo 2
Archi 203,Archi 203
Archi 210,Archi 210
Archi 211,Archi 211
Archi 232,Archi 232
Archi 233,Archi 233
Archi 241,Archi 241
Archi 242,Archi 242
Archi 243,Archi 243
Archi 244,Archi 244
Archi 252,Archi 252
Archi 253,Archi 253
Archi 262,Archi 262
Archi 299,Archi 299
Archi 300,Archi 300
Arkiyoloji 1,Arkiyoloji 1
ARTS 1,ARTS 1
Art Stud,Art Stud
AS 201-A,AS 201-A
AS 201,AS 201
AS 201-A,AS 201-A
AS 203,AS 203
AS 206,AS 206
AS 207,AS 207
AS 210,AS 210
AS 211,AS 211
AS 230,AS 230
AS 234,AS 234
AS 235.1,AS 235.1
AS 235.2,AS 235.2
AS 235.3,AS 235.3
AS 236.1,AS 236.1
AS 236.2,AS 236.2
AS 236.3,AS 236.3
AS 237.1,AS 237.1
AS 237.2,AS 237.2
AS 237.3,AS 237.3
AS 250,AS 250
AS 254,AS 254
AS 255.1,AS 255.1
AS 255.2,AS 255.2
AS 282,AS 282
AS 298,AS 298
AS 299,AS 299
AS 300,AS 300
B 264,B 264
B 297,B 297
BA 99.2,BA 99.2
BA 101,BA 101
BA 102,BA 102
BA 103,BA 103
BA 105,BA 105
BA 106,BA 106
BA 114.2,BA 114.2
BA 115,BA 115
BA 117,BA 117
BA 118.1,BA 118.1
BA 118.2,BA 118.2
BA 118.3,BA 118.3
BA 119,BA 119
BA 121,BA 121
BA 122.1,BA 122.1
BA 123,BA 123
BA 124,BA 124
BA 126,BA 126
BA 127,BA 127
BA 129,BA 129
BA 132,BA 132
BA 133,BA 133
BA 141,BA 141
BA 142,BA 142
BA 148,BA 148
BA 151,BA 151
BA 152,BA 152
BA 158,BA 158
BA 162,BA 162
BA 166,BA 166
BA 168,BA 168
BA 170,BA 170
BA 172,BA 172
BA 174,BA 174
BA 177,BA 177
BA 178,BA 178
BA 180.1,BA 180.1
BA 181,BA 181
BA 182,BA 182
BA 186,BA 186
BA 190,BA 190
BA 192,BA 192
BA 303,BA 303
BA 313,BA 313
BA 335,BA 335
BA 391,BA 391
BA 394,BA 394
BA 395,BA 395
BC 122,BC 122
BC 124,BC 124
BC 148,BC 148
BC 174,BC 174
BC 181,BC 181
BC 182,BC 182
BC 196,BC 196
BC 198,BC 198
BC 199,BC 199
BC 200,BC 200
B Ind/Mal,B Ind/Mal
BIO 1,BIO 1
BIO 11,BIO 11
BIO 11.1,BIO 11.1
BIO 12,BIO 12
BIO 12.1,BIO 12.1
BIO 100,BIO 100
BIO 101,BIO 101
BIO 102,BIO 102
BIO 102.1,BIO 102.1
BIO 112,BIO 112
BIO 113,BIO 113
BIO 120,BIO 120
BIO 121,BIO 121
BIO 122,BIO 122
BIO 122.1,BIO 122.1
BIO 123,BIO 123
BIO 133,BIO 133
BIO 134,BIO 134
BIO 140,BIO 140
BIO 140.1,BIO 140.1
BIO 150,BIO 150
BIO 150.1,BIO 150.1
BIO 151,BIO 151
BIO 160,BIO 160
BIO 160.1,BIO 160.1
BIO 163,BIO 163
BIO 164,BIO 164
BIO 165,BIO 165
BIO 191,BIO 191
BIO 196,BIO 196
BIO 200b,BIO 200b
BIO 200,BIO 200
BIO 200b,BIO 200b
BIO 200,BIO 200
BIO 200b,BIO 200b
BIO 200,BIO 200
BIO 200b,BIO 200b
BIO 200,BIO 200
BIO 200b,BIO 200b
BIO 200,BIO 200
BIO 200b,BIO 200b
BIO 200,BIO 200
BIO 210,BIO 210
BIO 220,BIO 220
BIO 233,BIO 233
BIO 240,BIO 240
BIO 241,BIO 241
BIO 243,BIO 243
BIO 250,BIO 250
BIO 251,BIO 251
BIO 260,BIO 260
BIO 262,BIO 262
BIO 265,BIO 265
BIO 281,BIO 281
BIO 296,BIO 296
BIO 299,BIO 299
BIO 300,BIO 300
BIO 395,BIO 395
BIO 397,BIO 397
BIO 399,BIO 399
BIO 400,BIO 400
Bioethics 212,Bioethics 212
Bioethics 231,Bioethics 231
BJ 101,BJ 101
BJ 130,BJ 130
BMAS 100,BMAS 100
BMAS 105,BMAS 105
BMAS 107,BMAS 107
BMAS 108,BMAS 108
BMAS 109,BMAS 109
BMAS 111,BMAS 111
BMAS 123,BMAS 123
BMAS 125,BMAS 125
BMAS 126,BMAS 126
CD 11,CD 11
CD 100,CD 100
CD 101,CD 101
CD 110,CD 110
CD 111,CD 111
CD 112,CD 112
CD 121,CD 121
CD 122,CD 122
CD 123,CD 123
CD 126,CD 126
CD 131,CD 131
CD 134,CD 134
CD 135,CD 135
CD 180,CD 180
CD 181,CD 181
CD 190,CD 190
CD 192,CD 192
CD 201,CD 201
CD 202,CD 202
CD 221,CD 221
CD 224,CD 224
CD 231,CD 231
CD 234,CD 234
CD 235,CD 235
CD 236,CD 236
CD 241,CD 241
CD 242,CD 242
CD 271,CD 271
CD 280,CD 280
CD 291,CD 291
CD 292,CD 292
CD 300,CD 300
CE 1,CE 1
CE 11,CE 11
CE 17,CE 17
CE 18,CE 18
CE 22,CE 22
CE 24,CE 24
CE 25,CE 25
CE 29,CE 29
CE 31,CE 31
CE 41,CE 41
CE 111,CE 111
CE 112,CE 112
CE 115,CE 115
CE 116,CE 116
CE 117,CE 117
CE 123,CE 123
CE 124,CE 124
CE 130,CE 130
CE 132,CE 132
CE 141,CE 141
CE 142,CE 142
CE 151,CE 151
CE 152,CE 152
CE 156,CE 156
CE 157,CE 157
CE 162,CE 162
CE 163,CE 163
CE 190,CE 190
CE 197,CE 197
CE 198,CE 198
CE 199,CE 199
CE 201,CE 201
CE 211,CE 211
CE 213,CE 213
CE 214,CE 214
CE 226,CE 226
CE 246,CE 246
CE 248,CE 248
CE 249,CE 249
CE 250,CE 250
CE 252,CE 252
CE 259,CE 259
CE 261,CE 261
CE 262,CE 262
CE 269,CE 269
CE 297,CE 297
CE 300,CE 300
CE 306,CE 306
CE 360,CE 360
CE 400,CE 400
ChE 124,ChE 124
ChE 126,ChE 126
ChE 135,ChE 135
ChE 140,ChE 140
ChE 142,ChE 142
ChE 144,ChE 144
ChE 150,ChE 150
ChE 190,ChE 190
ChE 197,ChE 197
ChE 198,ChE 198
ChE 211,ChE 211
ChE 229,ChE 229
ChE 233,ChE 233
ChE 241,ChE 241
ChE 251,ChE 251
ChE 261,ChE 261
ChE 266,ChE 266
ChE 296.1,ChE 296.1
ChE 296.2,ChE 296.2
ChE 297,ChE 297
ChE 300,ChE 300
ChE 400,ChE 400
Chem 1,Chem 1
Chem 16,Chem 16
Chem 16.1,Chem 16.1
Chem 17,Chem 17
Chem 17.1,Chem 17.1
Chem 26,Chem 26
Chem 26.1,Chem 26.1
Chem 28,Chem 28
Chem 28.1,Chem 28.1
Chem 31,Chem 31
Chem 31.1,Chem 31.1
Chem 34,Chem 34
Chem 40,Chem 40
Chem 40.1,Chem 40.1
Chem 105,Chem 105
Chem 112,Chem 112
Chem 123,Chem 123
Chem 145.1,Chem 145.1
Chem 146,Chem 146
Chem 154,Chem 154
Chem 200,Chem 200
Chem 211,Chem 211
Chem 220,Chem 220
Chem 230,Chem 230
Chem 237,Chem 237
Chem 240,Chem 240
Chem 250,Chem 250
Chem 291,Chem 291
Chem 292,Chem 292
Chem 293,Chem 293
Chem 294,Chem 294
Chem 295,Chem 295
Chem 300,Chem 300
Chem 393,Chem 393
ChemE 2,ChemE 2
ChemE 102,ChemE 102
ChemE 105,ChemE 105
ChemE 123,ChemE 123
ChemE 130,ChemE 130
ChemE 131,ChemE 131
ChemE 133,ChemE 133
ChemE 135,ChemE 135
ChemE 143,ChemE 143
ChemE 145,ChemE 145
ChemE 170,ChemE 170
CL 40,CL 40
CL 100,CL 100
CL 108,CL 108
CL 110,CL 110
CL 111,CL 111
CL 112,CL 112
CL 114,CL 114
CL 121,CL 121
CL 122,CL 122
CL 123,CL 123
CL 134,CL 134
CL 143,CL 143
CL 150,CL 150
CL 151,CL 151
CL 154,CL 154
CL 200,CL 200
CL 250,CL 250
CL 270,CL 270
CL 299,CL 299
CL 300,CL 300
CL 350,CL 350
CL 400,CL 400
CoE 113,CoE 113
CoE 115,CoE 115
CoE 134,CoE 134
CoE 151,CoE 151
CoE 161,CoE 161
CoE 163,CoE 163
CoE 164,CoE 164
CoE 197,CoE 197
CoE 198,CoE 198
Comm 100,Comm 100
Comm 110,Comm 110
Comm 120,Comm 120
Comm 130,Comm 130
Comm 140,Comm 140
Comm 201,Comm 201
Comm 210,Comm 210
Comm 211,Comm 211
Comm 224,Comm 224
Comm 230,Comm 230
Comm 233,Comm 233
Comm 250,Comm 250
Comm 285,Comm 285
Comm 299,Comm 299
Comm 300,Comm 300
Comm 301,Comm 301
Comm 307,Comm 307
Comm 397,Comm 397
CRes 101,CRes 101
CRes 130,CRes 130
CRes 135,CRes 135
CRes 155,CRes 155
CRes 175,CRes 175
CRes 197,CRes 197
CRes 200,CRes 200
CS 11,CS 11
CS 12,CS 12
CS 20,CS 20
CS 21,CS 21
CS 30,CS 30
CS 31,CS 31
CS 32,CS 32
CS 33,CS 33
CS 133,CS 133
CS 135,CS 135
CS 136,CS 136
CS 138,CS 138
CS 145,CS 145
CS 150,CS 150
CS 153,CS 153
CS 165,CS 165
CS 176,CS 176
CS 180,CS 180
CS 192,CS 192
CS 194,CS 194
CS 196,CS 196
CS 199,CS 199
CS 204,CS 204
CS 210,CS 210
CS 225,CS 225
CS 239,CS 239
CS 250,CS 250
CS 253,CS 253
CS 258,CS 258
CS 266,CS 266
CS 270,CS 270
CS 282,CS 282
CS 290,CS 290
CS 295,CS 295
CS 296,CS 296
CS 297,CS 297
CS 298,CS 298
CS 300,CS 300
CS 318,CS 318
CS 397,CS 397
CS 400,CS 400
CT 15,CT 15
CT 27,CT 27
CT 109,CT 109
CT 114,CT 114
CT 117.1,CT 117.1
CT 124,CT 124
CT 171.1,CT 171.1
CT 171.2,CT 171.2
CT 197,CT 197
CT 200,CT 200
CTRA 13,CTRA 13
CTRA 19,CTRA 19
CTRA 21,CTRA 21
CTRA 224,CTRA 224
CW 10,CW 10
CW 100,CW 100
CW 111,CW 111
CW 121,CW 121
CW 141,CW 141
CW 151,CW 151
CW 180,CW 180
CW 199,CW 199
CW 200,CW 200
CW 202,CW 202
CW 211,CW 211
CW 212,CW 212
CW 220,CW 220
CW 241,CW 241
CW 300,CW 300
CW 302,CW 302
CW 310,CW 310
CWTS 2,CWTS 2
D 17,D 17
D 18,D 18
D 19,D 19
D 21,D 21
D 23,D 23
D 27,D 27
D 151,D 151
D 161,D 161
D 171,D 171
D 196,D 196
D 200,D 200
DBE 302,DBE 302
DBE 303,DBE 303
DBE 311,DBE 311
DBE 397,DBE 397
DE 251,DE 251
DE 253,DE 253
DE 291,DE 291
DE 292,DE 292
Demo 1,Demo 1
Demo 212,Demo 212
Demo 225,Demo 225
Demo 226,Demo 226
Demo 230,Demo 230
Demo 240,Demo 240
Demo 297.2,Demo 297.2
Demo 298,Demo 298
Demo 299,Demo 299
Demo 300,Demo 300
DRMAPS THU1,DRMAPS THU1
DRMAPS THU2,DRMAPS THU2
DRMAPS THU3,DRMAPS THU3
DRMAPS THU4,DRMAPS THU4
DRMAPS THU5,DRMAPS THU5
DRMAPS THU6,DRMAPS THU6
ECE 113,ECE 113
ECE 117,ECE 117
ECE 151,ECE 151
ECE 161,ECE 161
ECE 163,ECE 163
ECE 164,ECE 164
ECE 197,ECE 197
ECE 198,ECE 198
Econ 11,Econ 11
Econ 100.1,Econ 100.1
Econ 100.2,Econ 100.2
Econ 101,Econ 101
Econ 102,Econ 102
Econ 103,Econ 103
Econ 104,Econ 104
Econ 106,Econ 106
Econ 121,Econ 121
Econ 122,Econ 122
Econ 131,Econ 131
Econ 132,Econ 132
Econ 138,Econ 138
Econ 141,Econ 141
Econ 151,Econ 151
Econ 153,Econ 153
Econ 163,Econ 163
Econ 181,Econ 181
Econ 190.1,Econ 190.1
Econ 190.2,Econ 190.2
Econ 191,Econ 191
Econ 198,Econ 198
Econ 199,Econ 199
Econ 203,Econ 203
Econ 204,Econ 204
Econ 209,Econ 209
Econ 222,Econ 222
Econ 232,Econ 232
Econ 233,Econ 233
Econ 251,Econ 251
Econ 271,Econ 271
Econ 295,Econ 295
Econ 300,Econ 300
Econ 301,Econ 301
Econ 400,Econ 400
EDAD 102,EDAD 102
EDAD 206,EDAD 206
EDAD 208,EDAD 208
EDAD 210,EDAD 210
EDAD 211,EDAD 211
EDAD 221,EDAD 221
EDAD 222,EDAD 222
EDAD 279,EDAD 279
EDAD 302,EDAD 302
EDAD 331,EDAD 331
EDAD 341,EDAD 341
EDART 106,EDART 106
EDART 165,EDART 165
EDART 235,EDART 235
EDART 275,EDART 275
EDCO 101,EDCO 101
EDCO 104,EDCO 104
EDCO 201,EDCO 201
EDCO 202,EDCO 202
EDCO 232,EDCO 232
EDCO 241,EDCO 241
EDCO 301,EDCO 301
EDCO 302,EDCO 302
EDCS 101,EDCS 101
EDCS 211,EDCS 211
EDCS 215,EDCS 215
EDCS 223,EDCS 223
EDCS 301,EDCS 301
EDCS 308,EDCS 308
EDFD 100,EDFD 100
EDFD 116,EDFD 116
EDFD 120,EDFD 120
EDFD 144,EDFD 144
EDFD 201,EDFD 201
EDFD 202,EDFD 202
EDFD 205,EDFD 205
EDFD 206,EDFD 206
EDFD 211,EDFD 211
EDFD 219,EDFD 219
EDFD 221,EDFD 221
EDFD 231,EDFD 231
EDFD 241,EDFD 241
EDFD 243,EDFD 243
EDFD 247,EDFD 247
EDFD 302,EDFD 302
EDFD 303,EDFD 303
EDFD 331,EDFD 331
EDFD 341,EDFD 341
EDFD 342,EDFD 342
EDH 100,EDH 100
EDH 101,EDH 101
EDH 120,EDH 120
EDH 125,EDH 125
EDH 140,EDH 140
EDH 160,EDH 160
EDH 203,EDH 203
EDH 207,EDH 207
EDL 106,EDL 106
EDL 112,EDL 112
EDL 113,EDL 113
EDL 121,EDL 121
EDL 131,EDL 131
EDL 141,EDL 141
EDL 201,EDL 201
EDL 205,EDL 205
EDL 231,EDL 231
EDL 261,EDL 261
EDL 305,EDL 305
EDLit 122,EDLit 122
EDLit 169,EDLit 169
EDLit 179,EDLit 179
EDLR 101,EDLR 101
EDMA 101,EDMA 101
EDNFE 222,EDNFE 222
EDR 151,EDR 151
EDR 201,EDR 201
EDR 210,EDR 210
EDR 221,EDR 221
EDR 235,EDR 235
EDR 251,EDR 251
EDR 278,EDR 278
EDR 330,EDR 330
EDRE 101,EDRE 101
EDRE 146,EDRE 146
EDRE 201,EDRE 201
EDRE 216,EDRE 216
EDRE 231,EDRE 231
EDRE 232,EDRE 232
EDRE 246,EDRE 246
EDRE 261,EDRE 261
EDRE 275,EDRE 275
EDRE 302,EDRE 302
EDRE 316,EDRE 316
EDRE 331,EDRE 331
EDRE 361,EDRE 361
EDRE 375,EDRE 375
EDSC 101,EDSC 101
EDSC 102,EDSC 102
EDSC 103,EDSC 103
EDSC 106,EDSC 106
EDSC 113,EDSC 113
EDSC 121,EDSC 121
EDSC 123,EDSC 123
EDSC 225,EDSC 225
EDSC 244.1,EDSC 244.1
EDSC 254,EDSC 254
EDSC 264,EDSC 264
EDSC 274,EDSC 274
EDSC 283,EDSC 283
EDSC 310,EDSC 310
EDSC 313,EDSC 313
EDSC 350,EDSC 350
EDSP 101,EDSP 101
EDSP 102,EDSP 102
EDSP 103,EDSP 103
EDSP 113,EDSP 113
EDSP 116,EDSP 116
EDSP 121,EDSP 121
EDSP 128,EDSP 128
EDSP 202,EDSP 202
EDSP 207,EDSP 207
EDSP 221,EDSP 221
EDSP 236,EDSP 236
EDSP 241,EDSP 241
EDSP 326,EDSP 326
EDSSE 105,EDSSE 105
EDSSE 120,EDSSE 120
EDSSE 161,EDSSE 161
EDSSE 233,EDSSE 233
EDSSE 242,EDSSE 242
EDTECH 101,EDTECH 101
EDTECH 210,EDTECH 210
EDTECH 211,EDTECH 211
EDTECH 213,EDTECH 213
EDTECH 214,EDTECH 214
EDTEG 201,EDTEG 201
EDTEG 211,EDTEG 211
EDTEG 221,EDTEG 221
EDTEG 277,EDTEG 277
EDUC 100,EDUC 100
EDUC 102,EDUC 102
EDUC 180,EDUC 180
EDUC 181,EDUC 181
EDUC 190,EDUC 190
EDUC 280,EDUC 280
EDUC 293,EDUC 293
EDUC 300,EDUC 300
EDUC 382,EDUC 382
EDUC 390,EDUC 390
EDUC 400,EDUC 400
EE 121,EE 121
EE 143,EE 143
EE 146,EE 146
EE 153,EE 153
EE 161,EE 161
EE 163,EE 163
EE 164,EE 164
EE 197,EE 197
EE 198,EE 198
EE 212,EE 212
EE 214,EE 214
EE 224,EE 224
EE 227,EE 227
EE 233,EE 233
EE 240,EE 240
EE 256,EE 256
EE 258,EE 258
EE 274,EE 274
EE 277,EE 277
EE 290,EE 290
EE 296,EE 296
EE 298,EE 298
EE 299,EE 299
EE 300,EE 300
EE 374,EE 374
EE 400,EE 400
EEdu 121,EEdu 121
EEE 1,EEE 1
EEE 3,EEE 3
EEE 4,EEE 4
EEE 5,EEE 5
EEE 44,EEE 44
EEE 51,EEE 51
EEE 52,EEE 52
EEE 53,EEE 53
EEE 54,EEE 54
EEE 100,EEE 100
EEE 101,EEE 101
EEE 105,EEE 105
EEE 107,EEE 107
EEE 121,EEE 121
EEE 123,EEE 123
EEE 128,EEE 128
EEE 141,EEE 141
EEE 143,EEE 143
EEE 145,EEE 145
EEE 147,EEE 147
EEE 148,EEE 148
EEE 155,EEE 155
EEE 190,EEE 190
EEE 192,EEE 192
EgyE 201,EgyE 201
EgyE 205,EgyE 205
EgyE 211,EgyE 211
EgyE 225,EgyE 225
EgyE 231,EgyE 231
EgyE 236,EgyE 236
EgyE 273,EgyE 273
EgyE 296,EgyE 296
EgyE 297,EgyE 297
EgyE 300,EgyE 300
EgyE 320,EgyE 320
EgyE 400,EgyE 400
EL 50,EL 50
EL 170,EL 170
EL 181,EL 181
EL 200,EL 200
EM 121,EM 121
EM 122,EM 122
EM 141,EM 141
EM 146,EM 146
EM 156,EM 156
EM 157,EM 157
EM 161,EM 161
EM 162,EM 162
EM 197,EM 197
EnE 31,EnE 31
EnE 202,EnE 202
EnE 203,EnE 203
EnE 205,EnE 205
EnE 213,EnE 213
EnE 215,EnE 215
EnE 218,EnE 218
EnE 253,EnE 253
EnE 270,EnE 270
EnE 272,EnE 272
EnE 280,EnE 280
EnE 283,EnE 283
EnE 296,EnE 296
EnE 300,EnE 300
EnE 303,EnE 303
EnE 305,EnE 305
EnE 382,EnE 382
EnE 400,EnE 400
Eng 1,Eng 1
Eng 11,Eng 11
Eng 12,Eng 12
Eng 13,Eng 13
Eng 21,Eng 21
Eng 22,Eng 22
Eng 23,Eng 23
Eng 30,Eng 30
Eng 42,Eng 42
Eng 100,Eng 100
Eng 101,Eng 101
Eng 104,Eng 104
Eng 106,Eng 106
Eng 116,Eng 116
Eng 118,Eng 118
Eng 120,Eng 120
Eng 127,Eng 127
Eng 131,Eng 131
Eng 143,Eng 143
Eng 147,Eng 147
Eng 158,Eng 158
Eng 197,Eng 197
Eng 200,Eng 200
Eng 204,Eng 204
Eng 207,Eng 207
Eng 208,Eng 208
Eng 210,Eng 210
Eng 233,Eng 233
Eng 299,Eng 299
Eng 300,Eng 300
Eng 310,Eng 310
Eng 316,Eng 316
Eng 371,Eng 371
Env Sci,Env Sci
ES 1,ES 1
ES 12,ES 12
ES 13,ES 13
ES 15,ES 15
ES 26,ES 26
ES 101,ES 101
ES 102,ES 102
ES 201,ES 201
ES 204,ES 204
ES 230,ES 230
Ethics 1,Ethics 1
FA 11,FA 11
FA 13,FA 13
FA 15,FA 15
FA 16,FA 16
FA 17,FA 17
FA 18,FA 18
FA 28,FA 28
FA 30,FA 30
FA 133,FA 133
FA 200,FA 200
FA 202,FA 202
FA 203,FA 203
FA 211,FA 211
FA 213,FA 213
FA 215,FA 215
FA 221,FA 221
FA 233,FA 233
FA 236,FA 236
FA 241,FA 241
FA 300,FA 300
Fil 4,Fil 4
Fil 10.2,Fil 10.2
Fil 18,Fil 18
Fil 20,Fil 20
Fil 30,Fil 30
Fil 40,Fil 40
Fil 50,Fil 50
Fil 104,Fil 104
Fil 128,Fil 128
Fil 155,Fil 155
Fil 180,Fil 180
Fil 198,Fil 198
Fil 200,Fil 200
Fil 203,Fil 203
Fil 208,Fil 208
Fil 225,Fil 225
Fil 245,Fil 245
Fil 281,Fil 281
Fil 290,Fil 290
Fil 298,Fil 298
Fil 299,Fil 299
Fil 300,Fil 300
Fil 350,Fil 350
Fil 353,Fil 353
Fil 381,Fil 381
Fil 387,Fil 387
Fil 400,Fil 400
Film 10,Film 10
Film 12,Film 12
Film 100,Film 100
Film 101,Film 101
Film 102,Film 102
Film 103,Film 103
Film 110,Film 110
Film 112,Film 112
Film 131,Film 131
Film 132,Film 132
Film 133,Film 133
Film 134,Film 134
Film 151,Film 151
Film 153,Film 153
Film 154,Film 154
Film 156,Film 156
Film 157,Film 157
Film 158,Film 158
Film 159,Film 159
Film 171,Film 171
Film 172,Film 172
Film 178,Film 178
Film 180,Film 180
Film 197,Film 197
Film 198,Film 198
Film 199,Film 199
Film 200,Film 200
Film 201,Film 201
Film 203,Film 203
Film 220,Film 220
Film 225,Film 225
Film 230,Film 230
Film 270,Film 270
Film 281,Film 281
Film 297,Film 297
Film 299,Film 299
FLCD 101,FLCD 101
FLCD 102,FLCD 102
FLCD 124,FLCD 124
FLCD 127,FLCD 127
FLCD 128,FLCD 128
FLCD 132,FLCD 132
FLCD 133,FLCD 133
FLCD 136,FLCD 136
FLCD 174,FLCD 174
FLCD 175,FLCD 175
FLCD 188,FLCD 188
FLCD 200,FLCD 200
FLCD 201,FLCD 201
FLCD 203,FLCD 203
FLCD 209,FLCD 209
FLCD 211,FLCD 211
FLCD 221,FLCD 221
FLCD 225,FLCD 225
FLCD 227,FLCD 227
FLCD 274,FLCD 274
FLCD 299,FLCD 299
FLCD 300,FLCD 300
FN 102,FN 102
FN 110,FN 110
FN 121,FN 121
FN 123,FN 123
FN 126,FN 126
FN 131,FN 131
FN 132,FN 132
FN 134,FN 134
FN 141.1,FN 141.1
FN 142,FN 142
FN 176,FN 176
FN 190,FN 190
FN 199,FN 199
French 10,French 10
French 11,French 11
French 12,French 12
French 13,French 13
French 16,French 16
French 30,French 30
French 51,French 51
French 61,French 61
French 101,French 101
French 130,French 130
FS 105,FS 105
FS 110,FS 110
FS 116,FS 116
FS 127,FS 127
FS 128,FS 128
FS 131,FS 131
FS 134,FS 134
FS 139,FS 139
FS 152,FS 152
FS 157,FS 157
FS 159,FS 159
FS 178,FS 178
FS 197,FS 197
FS 199,FS 199
FS 200,FS 200
FS 217,FS 217
FS 218,FS 218
FS 231,FS 231
FS 286,FS 286
FS 290,FS 290
FS 291,FS 291
FS 299,FS 299
FS 300,FS 300
GE 1,GE 1
GE 10,GE 10
GE 11,GE 11
GE 12,GE 12
GE 30,GE 30
GE 117,GE 117
GE 118,GE 118
GE 119,GE 119
GE 120,GE 120
GE 122,GE 122
GE 127,GE 127
GE 128,GE 128
GE 142,GE 142
GE 143,GE 143
GE 148,GE 148
GE 152,GE 152
GE 153,GE 153
GE 154,GE 154
GE 155.1,GE 155.1
GE 155.2,GE 155.2
GE 168,GE 168
GE 191,GE 191
GE 199,GE 199
GE 300,GE 300
Geog 1,Geog 1
Geog 101,Geog 101
Geog 105,Geog 105
Geog 109,Geog 109
Geog 111,Geog 111
Geog 119,Geog 119
Geog 121,Geog 121
Geog 124,Geog 124
Geog 131,Geog 131
Geog 135,Geog 135
Geog 145,Geog 145
Geog 151,Geog 151
Geog 161,Geog 161
Geog 171,Geog 171
Geog 173,Geog 173
Geog 190,Geog 190
Geog 197,Geog 197
Geog 199,Geog 199
Geog 211,Geog 211
Geog 213,Geog 213
Geog 242,Geog 242
Geog 243,Geog 243
Geog 255,Geog 255
Geog 292,Geog 292
Geog 300,Geog 300
Geog 321,Geog 321
Geol 1,Geol 1
Geol 11,Geol 11
Geol 11.1,Geol 11.1
Geol 12,Geol 12
Geol 51,Geol 51
Geol 105,Geol 105
Geol 117,Geol 117
Geol 118,Geol 118
Geol 122,Geol 122
Geol 131,Geol 131
Geol 135,Geol 135
Geol 154,Geol 154
Geol 170,Geol 170
Geol 177,Geol 177
Geol 190,Geol 190
Geol 194,Geol 194
Geol 197,Geol 197
Geol 212,Geol 212
Geol 250,Geol 250
Geol 255,Geol 255
Geol 297,Geol 297
Geol 399,Geol 399
German 10,German 10
German 11,German 11
German 12,German 12
German 13,German 13
German 16,German 16
German 30,German 30
German 51,German 51
German 61,German 61
German 101,German 101
German 130,German 130
German 140,German 140
GIM 175,GIM 175
GmE 202,GmE 202
GmE 203,GmE 203
GmE 205,GmE 205
GmE 210,GmE 210
GmE 216,GmE 216
GmE 222,GmE 222
GmE 230,GmE 230
GmE 231,GmE 231
GmE 243,GmE 243
GS 197,GS 197
Hapon 10,Hapon 10
Hapon 11,Hapon 11
Hapon 12,Hapon 12
Hapon 13,Hapon 13
Hapon 110,Hapon 110
Hapon 120,Hapon 120
Hapon 121,Hapon 121
Hapon 122,Hapon 122
HE 100,HE 100
HE 101,HE 101
HE 290,HE 290
HE 390,HE 390
HEEd 122,HEEd 122
HEEd 131,HEEd 131
HEEd 134,HEEd 134
HEEd 137,HEEd 137
HEEd 138,HEEd 138
HEEd 139,HEEd 139
HEEd 149,HEEd 149
HEEd 197,HEEd 197
HEEd 200,HEEd 200
HEEd 214,HEEd 214
HEEd 220,HEEd 220
HEEd 288,HEEd 288
HEEd 300,HEEd 300
HEEd 400,HEEd 400
HMS 201,HMS 201
HMS 206,HMS 206
HMS 214,HMS 214
HMS 215,HMS 215
HMS 217,HMS 217
HMS 231,HMS 231
HMS 234,HMS 234
HMS 241,HMS 241
HMS 242,HMS 242
HMS 298,HMS 298
HMS 299,HMS 299
HMS 300,HMS 300
HRIM 101,HRIM 101
HRIM 102,HRIM 102
HRIM 103,HRIM 103
HRIM 106,HRIM 106
HRIM 108,HRIM 108
HRIM 111,HRIM 111
HRIM 112,HRIM 112
HRIM 120,HRIM 120
HRIM 127,HRIM 127
HRIM 130,HRIM 130
HRIM 141,HRIM 141
HRIM 160,HRIM 160
HRIM 170,HRIM 170
HRIM 174,HRIM 174
HRIM 175,HRIM 175
HRIM 233,HRIM 233
HRIM 270,HRIM 270
HRIM 300,HRIM 300
ID 20,ID 20
ID 21,ID 21
ID 24,ID 24
ID 34,ID 34
ID 107,ID 107
ID 116,ID 116
ID 117,ID 117
ID 121,ID 121
ID 141,ID 141
ID 153,ID 153
ID 161,ID 161
ID 199,ID 199
ID 200,ID 200
ID 216,ID 216
ID 299,ID 299
ID 300,ID 300
IE 3,IE 3
IE 27,IE 27
IE 28,IE 28
IE 31,IE 31
IE 32,IE 32
IE 33,IE 33
IE 40,IE 40
IE 41,IE 41
IE 50,IE 50
IE 122,IE 122
IE 144,IE 144
IE 151,IE 151
IE 155,IE 155
IE 156,IE 156
IE 163,IE 163
IE 171,IE 171
IE 197,IE 197
IE 198,IE 198
IE 211,IE 211
IE 214,IE 214
IE 230,IE 230
IE 241,IE 241
IE 242,IE 242
IE 243,IE 243
IE 245,IE 245
IE 251,IE 251
IE 253,IE 253
IE 281,IE 281
IE 296,IE 296
IE 298,IE 298
IE 299,IE 299
IE 300,IE 300
Int Chi,Int Chi
Intl Stud,Intl Stud
Intsik 10,Intsik 10
Intsik 11,Intsik 11
Intsik 12,Intsik 12
Intsik 13,Intsik 13
IR 201,IR 201
IR 202,IR 202
IR 204,IR 204
IR 207.1,IR 207.1
IR 207.2,IR 207.2
IR 210,IR 210
IR 211,IR 211
IR 213,IR 213
IR 214,IR 214
IR 215,IR 215
IR 216,IR 216
IR 217,IR 217
IR 220,IR 220
IR 222,IR 222
IR 225,IR 225
IR 226,IR 226
IR 242,IR 242
IR 281,IR 281
IR 289,IR 289
IR 299,IR 299
IR 299.1,IR 299.1
IR 300,IR 300
IS 214,IS 214
IS 225,IS 225
IS 241,IS 241
IS 261,IS 261
IS 271,IS 271
IS 272,IS 272
IS 286,IS 286
IS 291,IS 291
IS 298,IS 298
IS 299,IS 299
Isl Stud,Isl Stud
Ital 10,Ital 10
Ital 11,Ital 11
Ital 12,Ital 12
Ital 13,Ital 13
Ital 101,Ital 101
Italian 16,Italian 16
Italian 30,Italian 30
Italian 51,Italian 51
Italian 61,Italian 61
Italian 130,Italian 130
Japan Studies,Japan Studies
J 100,J 100
J 101,J 101
J102 MRV-MWY,J102 MRV-MWY
J 103,J 103
J104 WYZ,J104 WYZ
J 105,J 105
J 110,J 110
J 111,J 111
J116 TUV,J116 TUV
J 117,J 117
J 121,J 121
J 122,J 122
J123 FXZ,J123 FXZ
J123 WRV,J123 WRV
J 152,J 152
J195 HWY,J195 HWY
J196 WRV,J196 WRV
J199 HYZ,J199 HYZ
J 200,J 200
J 201,J 201
J 202,J 202
J 250,J 250
J 300,J 300
Kas 1,Kas 1
Kas 2,Kas 2
Kas 10,Kas 10
Kas 100,Kas 100
Kas 102,Kas 102
Kas 108,Kas 108
Kas 111,Kas 111
Kas 114,Kas 114
Kas 116,Kas 116
Kas 128,Kas 128
Kas 154,Kas 154
Kas 155,Kas 155
Kas 156,Kas 156
Kas 158,Kas 158
Kas 161,Kas 161
Kas 162,Kas 162
Kas 196,Kas 196
Kas 199,Kas 199
Kas 204,Kas 204
Kas 209,Kas 209
Kas 298,Kas 298
Kas 299,Kas 299
Kas 300,Kas 300
Kas 324,Kas 324
Kas 327,Kas 327
Kas 328,Kas 328
Kas 342,Kas 342
Kas 400,Kas 400
Koreyano 10,Koreyano 10
Koreyano 11,Koreyano 11
Koreyano 12,Koreyano 12
Koreyano 13,Koreyano 13
Koreyano 110,Koreyano 110
Koreyano 112,Koreyano 112
Koreyano 113,Koreyano 113
Koreyano 120,Koreyano 120
L Arch,L Arch
Latin 10,Latin 10
Law 101,Law 101
Law 103,Law 103
Law 104,Law 104
Law 106,Law 106
Law 107,Law 107
Law 108,Law 108
Law 110,Law 110
Law 111,Law 111
Law 112,Law 112
Law 114,Law 114
Law 116,Law 116
Law 117,Law 117
Law 118,Law 118
Law 120,Law 120
Law 122,Law 122
Law 123,Law 123
Law 124,Law 124
Law 125,Law 125
Law 127,Law 127
Law 128,Law 128
Law 129-B,Law 129-B
Law 130,Law 130
Law 133,Law 133
Law 134,Law 134
Law 136,Law 136
Law 139,Law 139
Law 154,Law 154
Law 159,Law 159
Law 163,Law 163
Law 169,Law 169
Law 171,Law 171
Law 172,Law 172
Law 173,Law 173
Law 174,Law 174
Law 181,Law 181
LAW 245,LAW 245
LAW 249,LAW 249
LAW 254,LAW 254
LAW 275,LAW 275
Lingg 1,Lingg 1
Lingg 110,Lingg 110
Lingg 115,Lingg 115
Lingg 121,Lingg 121
Lingg 136,Lingg 136
Lingg 137,Lingg 137
Lingg 140,Lingg 140
Lingg 166,Lingg 166
Lingg 170,Lingg 170
Lingg 180,Lingg 180
Lingg 197,Lingg 197
Lingg 199,Lingg 199
Lingg 204,Lingg 204
Lingg 206,Lingg 206
Lingg 245,Lingg 245
Lingg 270,Lingg 270
Lingg 299,Lingg 299
Lingg 300,Lingg 300
Lingg 400,Lingg 400
LinggPil 280,LinggPil 280
LinggPil 365,LinggPil 365
LinggPil 375,LinggPil 375
LinggPil 380,LinggPil 380
LinggPil 390,LinggPil 390
LIS 10,LIS 10
LIS 50,LIS 50
LIS 51,LIS 51
LIS 55,LIS 55
LIS 60,LIS 60
LIS 61,LIS 61
LIS 62,LIS 62
LIS 64,LIS 64
LIS 71,LIS 71
LIS 114,LIS 114
LIS 120,LIS 120
LIS 151,LIS 151
LIS 152,LIS 152
LIS 158,LIS 158
LIS 160,LIS 160
LIS 161,LIS 161
LIS 162,LIS 162
LIS 170,LIS 170
LIS 172,LIS 172
LIS 173,LIS 173
LIS 174,LIS 174
LIS 181,LIS 181
LIS 191,LIS 191
LIS 192,LIS 192
LIS 195,LIS 195
LIS 198,LIS 198
LIS 199,LIS 199
LIS 200,LIS 200
LIS 210,LIS 210
LIS 211,LIS 211
LIS 218,LIS 218
LIS 231,LIS 231
LIS 244,LIS 244
LIS 260,LIS 260
LIS 272,LIS 272
LIS 277,LIS 277
LIS 290,LIS 290
LIS 299,LIS 299
LIS 300,LIS 300
LStud 204,LStud 204
LStud 205,LStud 205
LStud 206,LStud 206
LTS 2,LTS 2
MatE 10,MatE 10
MatE 21,MatE 21
MatE 23,MatE 23
MatE 103,MatE 103
MatE 105,MatE 105
MatE 107,MatE 107
MatE 123,MatE 123
MatE 131,MatE 131
MatE 131.1,MatE 131.1
MatE 141,MatE 141
MatE 141.1,MatE 141.1
MatE 151,MatE 151
MatE 151.1,MatE 151.1
MatE 161,MatE 161
MatE 165.1,MatE 165.1
MatE 175,MatE 175
MatE 175.1,MatE 175.1
MatE 183,MatE 183
MatE 185,MatE 185
MatE 190,MatE 190
MatE 196,MatE 196
MatE 197,MatE 197
MatE 199,MatE 199
Math 2,Math 2
Math 10,Math 10
Math 20,Math 20
Math 21,Math 21
Math 22,Math 22
Math 23,Math 23
Math 30,Math 30
Math 40,Math 40
Math 108,Math 108
Math 110.1,Math 110.1
Math 110.2,Math 110.2
Math 110.3,Math 110.3
Math 117,Math 117
Math 122,Math 122
Math 123.1,Math 123.1
Math 128,Math 128
Math 133,Math 133
Math 142,Math 142
Math 146,Math 146
Math 150.2,Math 150.2
Math 158,Math 158
Math 162,Math 162
Math 164,Math 164
Math 171,Math 171
Math 190,Math 190
Math 197,Math 197
Math 200,Math 200
Math 202.2,Math 202.2
Math 203,Math 203
Math 204,Math 204
Math 209.2,Math 209.2
Math 210.1,Math 210.1
Math 210.2,Math 210.2
Math 211,Math 211
Math 214,Math 214
Math 218,Math 218
Math 220.2,Math 220.2
Math 222,Math 222
Math 227,Math 227
Math 228,Math 228
Math 235,Math 235
Math 241,Math 241
Math 242,Math 242
Math 243,Math 243
Math 250,Math 250
Math 261,Math 261
Math 262.2,Math 262.2
Math 265,Math 265
Math 271.1,Math 271.1
Math 271.2,Math 271.2
Math 281,Math 281
Math 290,Math 290
Math 295,Math 295
Math 296,Math 296
Math 297,Math 297
Math 300,Math 300
Math 400,Math 400
MBB 1,MBB 1
MBB 10,MBB 10
MBB 100,MBB 100
MBB 110,MBB 110
MBB 127,MBB 127
MBB 127.1,MBB 127.1
MBB 141,MBB 141
MBB 150,MBB 150
MBB 190,MBB 190
MBB 194,MBB 194
MBB 196,MBB 196
MBB 197,MBB 197
MBB 200,MBB 200
MBB 215,MBB 215
MBB 225,MBB 225
MBB 241,MBB 241
MBB 260,MBB 260
MBB 289,MBB 289
MBB 296,MBB 296
MBB 300,MBB 300
MBB 340,MBB 340
ME 12,ME 12
ME 31,ME 31
ME 32,ME 32
ME 41,ME 41
ME 51,ME 51
ME 62,ME 62
ME 63,ME 63
ME 71,ME 71
ME 73,ME 73
ME 91,ME 91
ME 100,ME 100
ME 113,ME 113
ME 122,ME 122
ME 131,ME 131
ME 134,ME 134
ME 136,ME 136
ME 142,ME 142
ME 143,ME 143
ME 147,ME 147
ME 153,ME 153
ME 154,ME 154
ME 155,ME 155
ME 156,ME 156
ME 164,ME 164
ME 165,ME 165
ME 166,ME 166
ME 172,ME 172
ME 176,ME 176
ME 177,ME 177
ME 180,ME 180
ME 183,ME 183
ME 188,ME 188
ME 197,ME 197
ME 242,ME 242
ME 260,ME 260
ME 267,ME 267
ME 282,ME 282
ME 300,ME 300
Media 220,Media 220
Media 230,Media 230
Media 240,Media 240
Media 250,Media 250
Media 260,Media 260
Media 280,Media 280
Media 300,Media 300
Media 301,Media 301
Media 302,Media 302
Media 303,Media 303
Media 332,Media 332
Media 400,Media 400
MetE 12,MetE 12
MetE 17.1,MetE 17.1
MetE 19,MetE 19
MetE 20,MetE 20
MetE 20.1,MetE 20.1
MetE 127,MetE 127
MetE 127.1,MetE 127.1
MetE 128,MetE 128
MetE 132,MetE 132
MetE 132.1,MetE 132.1
MetE 134,MetE 134
MetE 135,MetE 135
MetE 136,MetE 136
MetE 143,MetE 143
MetE 148,MetE 148
MetE 150,MetE 150
MetE 156,MetE 156
MetE 176,MetE 176
MetE 176.1,MetE 176.1
MetE 179,MetE 179
MetE 197,MetE 197
MetE 198,MetE 198
MetE 199,MetE 199
MetE 221,MetE 221
MetE 251,MetE 251
MetE 298,MetE 298
MetE 300,MetE 300
Meteo 204,Meteo 204
Meteo 213,Meteo 213
Meteo 223,Meteo 223
Meteo 224,Meteo 224
Meteo 225,Meteo 225
Meteo 231,Meteo 231
Meteo 234,Meteo 234
Meteo 296,Meteo 296
Meteo 300,Meteo 300
Meteo 396,Meteo 396
Microbio 211,Microbio 211
Microbio 221,Microbio 221
Microbio 241,Microbio 241
Microbio 261,Microbio 261
Microbio 281,Microbio 281
Microbio 296,Microbio 296
Microbio 299,Microbio 299
Microbio 300,Microbio 300
MMME 14,MMME 14
MMME 21,MMME 21
MPs 10,MPs 10
MPs 110,MPs 110
MPs 115,MPs 115
MPs 161,MPs 161
MPs 165,MPs 165
MPs 171,MPs 171
MPs 173,MPs 173
MPs 174,MPs 174
MPs 177,MPs 177
MPs 179,MPs 179
MPs 198,MPs 198
MPs 200,MPs 200
MPs 215,MPs 215
MPs 220,MPs 220
MPs 230,MPs 230
MPs 300,MPs 300
MPs 303,MPs 303
MPs 330,MPs 330
MPs 398,MPs 398
MS 1,MS 1
MS 101,MS 101
MS 102,MS 102
MS 213,MS 213
MS 216,MS 216
MS 217,MS 217
MS 222,MS 222
MS 230,MS 230
MS 240,MS 240
MS 242,MS 242
MS 246,MS 246
MS 250,MS 250
MS 258,MS 258
MS 260,MS 260
MS 272,MS 272
MS 278,MS 278
MS 300,MS 300
MS 361,MS 361
MS 366,MS 366
MS 396,MS 396
MS 397,MS 397
MS 398,MS 398
MS 400,MS 400
MSE 201,MSE 201
MSE 213,MSE 213
MSE 214,MSE 214
MSE 215,MSE 215
MSE 218,MSE 218
MSE 225,MSE 225
MSE 231,MSE 231
MSE 233,MSE 233
MSE 245,MSE 245
MSE 251,MSE 251
MSE 265,MSE 265
MSE 268,MSE 268
MSE 285,MSE 285
MSE 296,MSE 296
MSE 298,MSE 298
MSE 300,MSE 300
MSE 400,MSE 400
MuC 100,MuC 100
MuC 110-B,MuC 110-B
MuC 110-O,MuC 110-O
MuC 110-C,MuC 110-C
MuC 120-C,MuC 120-C
MuC 130-C,MuC 130-C
MuC 130-B,MuC 130-B
MuC 140-C,MuC 140-C
MuC 160-C,MuC 160-C
MuC 170-C,MuC 170-C
MuC 180-O,MuC 180-O
MuC 180-C,MuC 180-C
MuC 190-C,MuC 190-C
MuC 190-O,MuC 190-O
MuD 110,MuD 110
MuD 111,MuD 111
MuD 130,MuD 130
MuD 150,MuD 150
MuD 170,MuD 170
MuD 171,MuD 171
MuD 180,MuD 180
MuD 192,MuD 192
MuD 193,MuD 193
MuD 194,MuD 194
MuD 200,MuD 200
MuEd 100,MuEd 100
MuEd 105,MuEd 105
MuEd 110,MuEd 110
MuEd 116,MuEd 116
MuEd 120,MuEd 120
MuEd 130,MuEd 130
MuEd 141,MuEd 141
MuEd 145,MuEd 145
MuEd 147,MuEd 147
MuEd 191,MuEd 191
MuEd 231,MuEd 231
MuK 110,MuK 110
MuK 120,MuK 120
MuK 130,MuK 130
MuK 140,MuK 140
MuK 150,MuK 150
MuK 160,MuK 160
MuK 170,MuK 170
MuK 173,MuK 173
MuK 180,MuK 180
MuK 190,MuK 190
MuK 192,MuK 192
MuL 11,MuL 11
MuL 12,MuL 12
MuL 13,MuL 13
MuL 15,MuL 15
MuL 100,MuL 100
MuL 115,MuL 115
MuL 133,MuL 133
MuL 150,MuL 150
MuL 151,MuL 151
MuL 192,MuL 192
MuL 196,MuL 196
MuL 197,MuL 197
MuL 199,MuL 199
MuL 300,MuL 300
MuP 11,MuP 11
MuP 21,MuP 21
MuP 30,MuP 30
MuP 31,MuP 31
MuP 40,MuP 40
MuP 41,MuP 41
MuP 50,MuP 50
MuP 51,MuP 51
MuP 60,MuP 60
MuP 61,MuP 61
MuP 70,MuP 70
MuP 71,MuP 71
MuP 80,MuP 80
MuP 81,MuP 81
MuP 90,MuP 90
MuP 100,MuP 100
MuP 110,MuP 110
MuP 120,MuP 120
MuP 130,MuP 130
MuP 140,MuP 140
MuP 150,MuP 150
MuP 160,MuP 160
MuP 170,MuP 170
MuP 180,MuP 180
MuP 190,MuP 190
MuP 194,MuP 194
MuP 195,MuP 195
MuP 196,MuP 196
MuP 197,MuP 197
MuP 198,MuP 198
MuP 203,MuP 203
MuP 204,MuP 204
MuP 210,MuP 210
MuP 220,MuP 220
MuP 251,MuP 251
MuP 252,MuP 252
MuP 291,MuP 291
MuPC 1,MuPC 1
MuPC 2,MuPC 2
MuPC 3,MuPC 3
MuPC 4,MuPC 4
MuPC 5,MuPC 5
MuPC 6,MuPC 6
MuPC 7,MuPC 7
MuPC 8,MuPC 8
MuPC 9,MuPC 9
MuPC 10,MuPC 10
MuPC 111,MuPC 111
MuPC 128,MuPC 128
MuPC 129,MuPC 129
MuPC 131,MuPC 131
MuPC 141,MuPC 141
MuPC 146,MuPC 146
MuPC 147,MuPC 147
MuPC 151,MuPC 151
MuPC 157,MuPC 157
MuPC 161,MuPC 161
MuPC 167,MuPC 167
MuPC 171,MuPC 171
MuPC 177,MuPC 177
MuPC 181,MuPC 181
Mus 303,Mus 303
Mus 305,Mus 305
Mus 309,Mus 309
Mus 397,Mus 397
Mus 398,Mus 398
MuT 11,MuT 11
MuT 13,MuT 13
MuT 111,MuT 111
MuT 123,MuT 123
MuT 135,MuT 135
MuT 213,MuT 213
NSTP CSSP,NSTP CSSP
NSTP CS,NSTP CS
NSTP CHE,NSTP CHE
NSTP CHK,NSTP CHK
NSTP Educ,NSTP Educ
NSTP CMu,NSTP CMu
NSTP VSB,NSTP VSB
NSTP CMu,NSTP CMu
NSTP CHK,NSTP CHK
NSTP CMC,NSTP CMC
NSTP NCPAG,NSTP NCPAG
NSTP Common,NSTP Common
Nutr 202,Nutr 202
Nutr 225,Nutr 225
Nutr 265,Nutr 265
Nutr 299,Nutr 299
Nutr 300,Nutr 300
Nutr 350,Nutr 350
PA 101,PA 101
PA 102,PA 102
PA 103,PA 103
PA 104,PA 104
PA 105,PA 105
PA 106,PA 106
PA 107,PA 107
PA 111,PA 111
PA 112,PA 112
PA 113,PA 113
PA 121,PA 121
PA 124,PA 124
PA 131,PA 131
PA 132,PA 132
PA 141,PA 141
PA 142,PA 142
PA 143,PA 143
PA 151,PA 151
PA 152,PA 152
PA 161,PA 161
PA 162,PA 162
PA 191,PA 191
PA 199.1,PA 199.1
PA 199.2,PA 199.2
PA 201,PA 201
PA 208,PA 208
PA 209,PA 209
PA 210,PA 210
PA 211,PA 211
PA 221,PA 221
PA 227,PA 227
PA 231,PA 231
PA 233,PA 233
PA 234,PA 234
PA 241,PA 241
PA 242.1,PA 242.1
PA 242.2,PA 242.2
PA 243,PA 243
PA 245,PA 245
PA 251,PA 251
PA 252,PA 252
PA 257,PA 257
PA 276,PA 276
PA 282,PA 282
PA 283,PA 283
PA 289,PA 289
PA 291,PA 291
PA 299.1,PA 299.1
PA 299.2,PA 299.2
PA 300,PA 300
PA 301,PA 301
PA 329,PA 329
PA 332,PA 332
PA 359,PA 359
PA 399,PA 399
PA 400,PA 400
Pan Pil,Pan Pil
PE 1,PE 1
PE 2,PE 2
PE 3,PE 3
PE 4,PE 4
PEd 91,PEd 91
PEd 93,PEd 93
PEd 94,PEd 94
PEd 95,PEd 95
PEd 100,PEd 100
PEd 120.1,PEd 120.1
PEd 120.2,PEd 120.2
PEd 133.2,PEd 133.2
PEd 134.2,PEd 134.2
PEd 151,PEd 151
PEd 152,PEd 152
PEd 153.1,PEd 153.1
PEd 158,PEd 158
PEd 161.1,PEd 161.1
PEd 172,PEd 172
PEd 174,PEd 174
PEd 176,PEd 176
PEd 177,PEd 177
PEd 190,PEd 190
PEd 194,PEd 194
PEd 196,PEd 196
PEd 197,PEd 197
PHILARTS 1,PHILARTS 1
Philo 1,Philo 1
Philo 10,Philo 10
Philo 11,Philo 11
Philo 110,Philo 110
Philo 112,Philo 112
Philo 114,Philo 114
Philo 120,Philo 120
Philo 150,Philo 150
Philo 160,Philo 160
Philo 172,Philo 172
Philo 174,Philo 174
Philo 175,Philo 175
Philo 176,Philo 176
Philo 197,Philo 197
Philo 198,Philo 198
Philo 199,Philo 199
Philo 201,Philo 201
Philo 280,Philo 280
Philo 291,Philo 291
Philo 292,Philo 292
Philo 296,Philo 296
Philo 298,Philo 298
Philo 300,Philo 300
Philo 301,Philo 301
Philo 350,Philo 350
Philo 370,Philo 370
Philo 387,Philo 387
Philo 400,Philo 400
Phil Stud,Phil Stud
Physics 10,Physics 10
Physics 71,Physics 71
Physics 71.1,Physics 71.1
Physics 72,Physics 72
Physics 72.1,Physics 72.1
Physics 73,Physics 73
Physics 73.1,Physics 73.1
Physics 104.1,Physics 104.1
Physics 106,Physics 106
Physics 106.1,Physics 106.1
Physics 108,Physics 108
Physics 117,Physics 117
Physics 126,Physics 126
Physics 132,Physics 132
Physics 142,Physics 142
Physics 151,Physics 151
Physics 165,Physics 165
Physics 166,Physics 166
Physics 170,Physics 170
Physics 180,Physics 180
Physics 191,Physics 191
Physics 192,Physics 192
Physics 196,Physics 196
Physics 200,Physics 200
Physics 202.2,Physics 202.2
Physics 203.2,Physics 203.2
Physics 204.1,Physics 204.1
Physics 204.5,Physics 204.5
Physics 204.6,Physics 204.6
Physics 207,Physics 207
Physics 210.1,Physics 210.1
Physics 210.2,Physics 210.2
Physics 225,Physics 225
Physics 232,Physics 232
Physics 242,Physics 242
Physics 251,Physics 251
Physics 252,Physics 252
Physics 266,Physics 266
Physics 271,Physics 271
Physics 276,Physics 276
Physics 290,Physics 290
Physics 296,Physics 296
Physics 300,Physics 300
Physics 301,Physics 301
Physics 305,Physics 305
Physics 351,Physics 351
Physics 355,Physics 355
Physics 399,Physics 399
Physics 400,Physics 400
PI 100,PI 100
Plan 201,Plan 201
Plan 203,Plan 203
Plan 205,Plan 205
Plan 210,Plan 210
Plan 210.1,Plan 210.1
Plan 214,Plan 214
Plan 222,Plan 222
Plan 230,Plan 230
Plan 232,Plan 232
Plan 239,Plan 239
Plan 240,Plan 240
Plan 241,Plan 241
Plan 242,Plan 242
Plan 249,Plan 249
Plan 250,Plan 250
Plan 252,Plan 252
Plan 257,Plan 257
Plan 258,Plan 258
Plan 259,Plan 259
Plan 280,Plan 280
Plan 289,Plan 289
Plan 299,Plan 299
Plan 300,Plan 300
Plan 399,Plan 399
Plan 400,Plan 400
POLSC 11,POLSC 11
POLSC 14,POLSC 14
POLSC 101,POLSC 101
POLSC 110,POLSC 110
POLSC 111,POLSC 111
POLSC 120,POLSC 120
POLSC 121,POLSC 121
POLSC 123,POLSC 123
POLSC 126,POLSC 126
POLSC 130,POLSC 130
POLSC 131,POLSC 131
POLSC 132,POLSC 132
POLSC 136,POLSC 136
POLSC 144,POLSC 144
POLSC 151,POLSC 151
POLSC 157,POLSC 157
POLSC 180,POLSC 180
POLSC 185,POLSC 185
POLSC 188,POLSC 188
POLSC 199,POLSC 199
POLSC 210,POLSC 210
POLSC 211,POLSC 211
POLSC 254,POLSC 254
POLSC 283,POLSC 283
POLSC 299,POLSC 299
Port 10,Port 10
Port 11,Port 11
PS 21,PS 21
PS 201,PS 201
PS 202,PS 202
PS 204,PS 204
PS 212,PS 212
PS 213,PS 213
PS 215,PS 215
PS 219,PS 219
PS 220,PS 220
PS 225,PS 225
PS 233,PS 233
PS 237,PS 237
PS 268,PS 268
PS 279,PS 279
PS 282,PS 282
PS 286,PS 286
PS 299,PS 299
PS 300,PS 300
PS 301,PS 301
PS 302,PS 302
PS 330,PS 330
PS 399,PS 399
PS 400,PS 400
Psych 101,Psych 101
Psych 103,Psych 103
Psych 108,Psych 108
Psych 110,Psych 110
Psych 115,Psych 115
Psych 118,Psych 118
Psych 124,Psych 124
Psych 135,Psych 135
Psych 140,Psych 140
Psych 145,Psych 145
Psych 148,Psych 148
Psych 150,Psych 150
Psych 153,Psych 153
Psych 155,Psych 155
Psych 160,Psych 160
Psych 162,Psych 162
Psych 163,Psych 163
Psych 171,Psych 171
Psych 180,Psych 180
Psych 202,Psych 202
Psych 206,Psych 206
Psych 207,Psych 207
Psych 208,Psych 208
Psych 209,Psych 209
Psych 210,Psych 210
Psych 212,Psych 212
Psych 220,Psych 220
Psych 225,Psych 225
Psych 252,Psych 252
Psych 253,Psych 253
Psych 258,Psych 258
Psych 259,Psych 259
Psych 261,Psych 261
Psych 264,Psych 264
Psych 265,Psych 265
Psych 270,Psych 270
Psych 271,Psych 271
Psych 272,Psych 272
Psych 275,Psych 275
Psych 276,Psych 276
Psych 280,Psych 280
Psych 281,Psych 281
Psych 282,Psych 282
Psych 287,Psych 287
Psych 291,Psych 291
Psych 298.1,Psych 298.1
Psych 299,Psych 299
Psych 300,Psych 300
Psych 303,Psych 303
Psych 366,Psych 366
Psych 398.1,Psych 398.1
Psych 398.2,Psych 398.2
Psych 400,Psych 400
ROTC Mil,ROTC Mil
Russ 10,Russ 10
Russ 11,Russ 11
SD 303,SD 303
SD 304,SD 304
SD 311,SD 311
SD 399,SD 399
SD 400,SD 400
SEA 30,SEA 30
SFA 17,SFA 17
SFA 21,SFA 21
SFA 23,SFA 23
SFA 25,SFA 25
SFA 101,SFA 101
SFA 103,SFA 103
SFA 121,SFA 121
SFA 191,SFA 191
SFA 193,SFA 193
Shop 7,Shop 7
Socio 10,Socio 10
Socio 11,Socio 11
Socio 101,Socio 101
Socio 102,Socio 102
Socio 118,Socio 118
Socio 128,Socio 128
Socio 132,Socio 132
Socio 140,Socio 140
Socio 167,Socio 167
Socio 172,Socio 172
Socio 179,Socio 179
Socio 181,Socio 181
Socio 182,Socio 182
Socio 183,Socio 183
Socio 188,Socio 188
Socio 197,Socio 197
Socio 200,Socio 200
Socio 202,Socio 202
Socio 218,Socio 218
Socio 271,Socio 271
Socio 272,Socio 272
Socio 281,Socio 281
Socio 282,Socio 282
Socio 288,Socio 288
Socio 297,Socio 297
Socio 300,Socio 300
Socio 378,Socio 378
Socio 400,Socio 400
Soc Sci,Soc Sci
Span 10,Span 10
Span 11,Span 11
Span 12,Span 12
Span 13,Span 13
Span 40,Span 40
Span 101,Span 101
Span 140,Span 140
Spanish 16,Spanish 16
Spanish 30,Spanish 30
Spanish 51,Spanish 51
Spanish 61,Spanish 61
Spanish 130,Spanish 130
Speech 30,Speech 30
Speech 100,Speech 100
Speech 110,Speech 110
Speech 115,Speech 115
Speech 120,Speech 120
Speech 123,Speech 123
Speech 126,Speech 126
Speech 130,Speech 130
Speech 131,Speech 131
Speech 132,Speech 132
Speech 136,Speech 136
Speech 141,Speech 141
Speech 142,Speech 142
Speech 150,Speech 150
Speech 152,Speech 152
Speech 153,Speech 153
Speech 156,Speech 156
Speech 180,Speech 180
Speech 181,Speech 181
Speech 183,Speech 183
Speech 199,Speech 199
Speech 200,Speech 200
Speech 201,Speech 201
Speech 210,Speech 210
Speech 230,Speech 230
Speech 291,Speech 291
Speech 300,Speech 300
SS 102,SS 102
SS 103,SS 103
SS 104,SS 104
SS 105,SS 105
SS 110,SS 110
SS 111,SS 111
SS 120,SS 120
SS 121,SS 121
SS 130,SS 130
SS 140,SS 140
SS 141,SS 141
SS 150,SS 150
SS 151,SS 151
SS 152,SS 152
SS 160,SS 160
SS 161,SS 161
SS 170,SS 170
SS 171,SS 171
SS 181,SS 181
SS 191,SS 191
SS 197,SS 197
SS 199,SS 199
SS 200,SS 200
Stat 101,Stat 101
Stat 115,Stat 115
Stat 117,Stat 117
Stat 121,Stat 121
Stat 122,Stat 122
Stat 125,Stat 125
Stat 131,Stat 131
Stat 132,Stat 132
Stat 133,Stat 133
Stat 136,Stat 136
Stat 138,Stat 138
Stat 143,Stat 143
Stat 147,Stat 147
Stat 192,Stat 192
Stat 193.1,Stat 193.1
Stat 197,Stat 197
Stat 217,Stat 217
Stat 218,Stat 218
Stat 222,Stat 222
Stat 223,Stat 223
Stat 225,Stat 225
Stat 226,Stat 226
Stat 230,Stat 230
Stat 232,Stat 232
Stat 233,Stat 233
Stat 234,Stat 234
Stat 235,Stat 235
Stat 245,Stat 245
Stat 247,Stat 247
Stat 250,Stat 250
Stat 251,Stat 251
Stat 260,Stat 260
Stat 261,Stat 261
Stat 266,Stat 266
Stat 268,Stat 268
Stat 280,Stat 280
Stat 290,Stat 290
Stat 298,Stat 298
Stat 299,Stat 299
Stat 300,Stat 300
Stat 302,Stat 302
Stat 390,Stat 390
Stat 396,Stat 396
Stat 400,Stat 400
STS 1,STS 1
SW 110,SW 110
SW 120,SW 120
SW 121,SW 121
SW 130,SW 130
SW 132,SW 132
SW 134,SW 134
SW 141,SW 141
SW 143,SW 143
SW 145,SW 145
SW 146,SW 146
SW 150,SW 150
SW 151,SW 151
SW 198,SW 198
SW 199.2,SW 199.2
SW 201,SW 201
SW 202,SW 202
SW 210,SW 210
SW 211,SW 211
SW 215,SW 215
SW 220,SW 220
SW 225,SW 225
SW 226,SW 226
SW 235,SW 235
SW 253,SW 253
SW 255,SW 255
SW 256,SW 256
SW 285,SW 285
SW 286,SW 286
SW 287,SW 287
SW 290,SW 290
SW 300,SW 300
TFA 155,TFA 155
TFA 157,TFA 157
TFA 161,TFA 161
TFA 163,TFA 163
TFA 166,TFA 166
TFA 180,TFA 180
TFA 187,TFA 187
TFA 190,TFA 190
Thai 10,Thai 10
Thai 11,Thai 11
Theatre 11,Theatre 11
Theatre 12,Theatre 12
Theatre 100,Theatre 100
Theatre 102,Theatre 102
Theatre 104,Theatre 104
Theatre 110,Theatre 110
Theatre 113,Theatre 113
Theatre 120,Theatre 120
Theatre 121,Theatre 121
Theatre 131,Theatre 131
Theatre 134,Theatre 134
Theatre 141,Theatre 141
Theatre 142,Theatre 142
Theatre 151,Theatre 151
Theatre 152,Theatre 152
Theatre 154,Theatre 154
Theatre 162,Theatre 162
Theatre 170,Theatre 170
Theatre 182,Theatre 182
Theatre 200,Theatre 200
Theatre 202,Theatre 202
Theatre 208,Theatre 208
Theatre 211,Theatre 211
Theatre 241,Theatre 241
Theatre 300,Theatre 300
TM 201,TM 201
TM 204,TM 204
TM 205,TM 205
TM 206,TM 206
TM 225,TM 225
TM 241,TM 241
TM 251,TM 251
TM 255,TM 255
TM 281,TM 281
TM 291,TM 291
TM 298,TM 298
TM 299,TM 299
Tour 102,Tour 102
Tour 110,Tour 110
Tour 111,Tour 111
Tour 112,Tour 112
Tour 113,Tour 113
Tour 115,Tour 115
Tour 116,Tour 116
Tour 117,Tour 117
Tour 119,Tour 119
Tour 120,Tour 120
Tour 126,Tour 126
Tour 131,Tour 131
Tour 136,Tour 136
Tour 153,Tour 153
Tour 161,Tour 161
Tour 167,Tour 167
Tour 181,Tour 181
Tour 182,Tour 182
Tour 197,Tour 197
Tour 198,Tour 198
Tour 199,Tour 199
Tour 200,Tour 200
Tour 201,Tour 201
Tour 202,Tour 202
Tour 203,Tour 203
Tour 204,Tour 204
Tour 205,Tour 205
Tour 212,Tour 212
Tour 213,Tour 213
Tour 281,Tour 281
Tour 282,Tour 282
Tour 298,Tour 298
Tour 299,Tour 299
Tour 300,Tour 300
VC 21,VC 21
VC 23,VC 23
VC 25,VC 25
VC 27,VC 27
VC 29,VC 29
VC 36,VC 36
VC 40,VC 40
VC 50,VC 50
VC 101,VC 101
VC 121,VC 121
VC 131,VC 131
VC 137,VC 137
VC 138,VC 138
VC 152,VC 152
VC 200,VC 200
WD 201,WD 201
WD 210,WD 210
WD 221,WD 221
WD 227,WD 227
WD 230,WD 230
WD 231,WD 231
WD 270,WD 270
WD 271,WD 271
WD 280,WD 280
WD 281,WD 281
WD 291,WD 291
WD 292,WD 292
